num_instances,instance_type_name,timing
1,m1.nano,0.223894834518

1,m1.micro,0.0911412239075

5,m1.micro,0.467932939529

